{
  "accuracy": 0.834195,
  "macro": {
    "precision": 0.799828,
    "recall": 0.722431,
    "f1": 0.747615
  },
  "micro": {
    "precision": 0.834195,
    "recall": 0.834195,
    "f1": 0.834195
  },
  "per_class": {
    "0": {
      "precision": 0.748379,
      "recall": 0.500434,
      "f1": 0.599792,
      "support": 1153
    },
    "1": {
      "precision": 0.851278,
      "recall": 0.944429,
      "f1": 0.895437,
      "support": 3491
    }
  }
}